{
    "file": "site\/modules\/ldapHelper.module",
    "textdomain": "site--modules--ldaphelper-module",
    "translations": {
        "8d3d527f35ca4e317bd83570c938ea6e": {
            "text": "Einloggen \u00fcber LDAP"
        },
        "d682512fc82617488b1780e63b1fa83d": {
            "text": "Fehler beim L\u00f6schen des Benutzers: %d"
        },
        "5afcb51821e507e51badea1f2a4f362f": {
            "text": "Verbindung zum LDAP Server erfolgreich"
        },
        "b2de2af9df922d2c29211b3622c3ce46": {
            "text": "LDAP Helper"
        },
        "41a763a9bc2e6c0cb1384cd302b2870d": {
            "text": "Verwaltet die Kommunikation zwischen Processwire und LDAP"
        },
        "6a5ebbabac33eb9a0eaa03f993014792": {
            "text": "Fehler bei der Verbindung zu LDAP %d"
        },
        "3e3e72765bb59f6d12478cccbb7eab58": {
            "text": "LDAP Server"
        },
        "c50157609fb2be029849276faed62758": {
            "text": "Der Hostname deines LDAP server. Dies kann eine IP Adresse oder eine Domain sein. F\u00fcge den Port, mit einem Doppelpunkt getrennt, hinzu wenn er vom Standard 389 abweicht. Beispiel: 10.0.0.1, controller.domain.com, controller.domain.com:388"
        },
        "422d70d7a9f129d959dcdaf12e9dfe92": {
            "text": "Benutze SSL?"
        },
        "e31b6243e5fa2c21ea987b93e867fef1": {
            "text": "Verbindung zum LDAP Server \u00fcber SSL."
        },
        "2826cb67ad0c295c64f924deaa18ce06": {
            "text": "Verwende Protokoll V3"
        },
        "da468e87a59d918a8e584927fbe69ea8": {
            "text": "Verwende die Protokoll Version 3 zur Kommunikation."
        },
        "f33bef6c6634d7aab24c7c4771d09991": {
            "text": "Standard Login Domain"
        }
    }
}