{
    "file": "wire\/modules\/Process\/ProcessPageTrash.module",
    "textdomain": "wire--modules--process--processpagetrash-module",
    "translations": {
        "2f8f6dfb12d1ccfb64a4bc419130dd5a": {
            "text": "Der Papierkorb ist leer"
        },
        "b93325ff37316801eaf36f95c25a75e3": {
            "text": "Die folgenden Seiten befinden sich im Papierkorb"
        },
        "206c3d86254559ad3cd3b88e8e002113": {
            "text": "Papierkorb ausleeren"
        },
        "80a9994143f3ef28a7ba4fd1dd67436a": {
            "text": "Bitte best\u00e4tigen Sie, dass sie den Papierkorb leeren m\u00f6chten."
        },
        "920202a83e840023ebf5ac6e31ccfbf3": {
            "text": "Handhabt das Leeren des Papierkorbs f\u00fcr Seiten"
        },
        "76c155bf8de0fe17853a8d8c231f72b0": {
            "text": "Papierkorb (Seiten)"
        },
        "1012544490a2eae7e9782116062941b6": {
            "text": "Falls zuviele Elemente im Papierkorb sind m\u00fcssen Sie diesen eventuell mehrmals leeren."
        },
        "671ad2168f66a9b66f8d97c8a4ad2794": {
            "text": "Der Papierkorb wurde geleert"
        },
        "de1fd0d21eb1f64deec95ed694fffed0": {
            "text": "Es konnten nicht alle Seiten gel\u00f6scht werden"
        },
        "7c9ca1a0395393577cf4cf3f3e7f0b8d": {
            "text": "(%d Seite)"
        },
        "9f8ce5c6cbebc34795f4241c8932573a": {
            "text": "(%d Seiten)"
        }
    }
}