{
    "file": "wire\/modules\/Fieldtype\/FieldtypeRepeater\/FieldtypeRepeater.module",
    "textdomain": "wire--modules--fieldtype--fieldtyperepeater--fieldtyperepeater-module",
    "translations": {
        "5719e7cb7b73c9e6a4b7f3f49b9fd805": {
            "text": "Bitte f\u00fcgen sie diesem Repeater Felder aus dem Tab \"Details\" hinzu."
        },
        "f41ae5ce37aeed3613288bb8c0cc3489": {
            "text": "Definieren Sie die von diesem Repeater benutzten Felder. Sie k\u00f6nnen die Felder mittels Drag 'n' Drop in die gew\u00fcnschte Reihenfolge bringen."
        },
        "6daa35fd97a645b8e37cae080eab3de9": {
            "text": "Feld hinzuf\u00fcgen"
        },
        "028dbbda0ea85c6b4ff5f2c9b38495de": {
            "text": "Neue Repeater-Elemente, die bearbeitbar sind"
        },
        "903d3f840b615b110dd712afd0132f5f": {
            "text": "Die Anzahl der bearbeitbaren (nicht ver\u00f6ffentlichten) Elemente pro Seite, die zur Benutzung als neue Elemente weiterhin ausgegeben werden sollen."
        },
        "e7fa825f7b362804c946096d4856f5ab": {
            "text": "Falls auf 0 gesetzt, werden neue Elemente nur angelegt, soweit sie ben\u00f6tigt werden (effizienteste Einstellung)."
        },
        "0130612d3e112f71601647fe1201aeda": {
            "text": "Falls auf 1 oder mehr gesetzt, werden so viele neue Elemente bearbeitbar bereitgestellt, sobald sie \u201eElemente hinzuf\u00fcgen\u201c anklicken. Erm\u00f6glicht eine schnelle Erstellung."
        },
        "06f7e37d7cc093483d98d11772f75837": {
            "text": "Maximale Anzahl Repeater-Elemente"
        },
        "9175b33ed3085ade32188d58a242e0bc": {
            "text": "Die maximale Anzahl erlaubter Repeater-Elemente."
        },
        "8db1e9fd86969c9e9ee4c09365c260a6": {
            "text": "Falls auf 0 gesetzt, sind beliebig viele Elemente m\u00f6glich."
        },
        "f29a8c723be64c58c0e9f4cbd6c32a88": {
            "text": "Falls auf 1 gesetzt, verh\u00e4lt sich dieses Feld wie ein einzelnes Element [Page] statt wie mehrere Elemente [PageArray]."
        },
        "66eb0d45c43394f51bdb0397febc5b4f": {
            "text": "Hinweis: Falls outputFormatting abgeschaltet wird, wird sich das Feld unabh\u00e4ngig von dieser Einstellung wie ein PageArray verhalten."
        },
        "8c50c81f9df1bb1d4bc5689f9a6e7204": {
            "text": "Repeater-Typ"
        },
        "cb1f0ec5795fd6ab9a2e980b428cfff5": {
            "text": "'attached': Der Repeater wird sein Template und seine Eltern-Seite selbst verwalten, ohne dass Sie etwas davon mitbekommen oder dar\u00fcber nachdenken m\u00fcssen."
        },
        "e3d6af2ddc6a90779dd75a3f9c753d7f": {
            "text": "'detached': Sie k\u00f6nnen Template und Eltern-Seite des Repeaters verschieben und ver\u00e4ndern, wie sie es f\u00fcr richtig halten."
        },
        "77e23d8e1ff8e93bfc6e188f62e409bd": {
            "text": "Hinweise: Falls 'detached' gew\u00e4hlt wird, wird ProcessWire Eltern-Seite oder Template nicht l\u00f6schen, falls das Feld gel\u00f6scht wird."
        },
        "1f8c0e21410e1c136bf780fc141b35ae": {
            "text": "Feld \"%1$s\" zum Repeater \"%2$s\" hinzugef\u00fcgt"
        },
        "f54c2540ded6390c6328b2838850482d": {
            "text": "Feld \"%1$s\" aus Repeater \"%2$s\" entfernt"
        },
        "0fe1cc90d79ebfffb11a259cc05d406d": {
            "text": "Eltern-Site %s ist jetzt 'detached' und kann verschoben oder ver\u00e4ndert werden."
        },
        "64137776d10ddf89ff3087915287b872": {
            "text": "Verwaltet eine Sammlung von Feldern, welche beliebig oft wiederholt werden k\u00f6nnen."
        },
        "c58bb8dd26051c3ba65914f16c51f0b7": {
            "text": "Repeater-Felder"
        },
        "d3b3350cb648f345b0a21a048df0cf45": {
            "text": "="
        }
    }
}