{
    "file": "wire\/modules\/System\/SystemNotifications\/SystemNotifications.module",
    "textdomain": "wire--modules--system--systemnotifications--systemnotifications-module",
    "translations": {
        "3228f89d6d7bef8bf9c32fa47cbb82b0": {
            "text": "404 eingetreten: %s"
        },
        "f1aac9258ac4fde43df9a1c10945c133": {
            "text": "Benutzer angemeldet: %s"
        },
        "6749d5c7c5998b79513c6257606ffedc": {
            "text": "Login fehlgeschlagen: %s"
        },
        "cb44f59c366c2adb4a35ef342be91163": {
            "text": "Benutzer ausgeloggt: %s"
        },
        "0914afe426319fe974cef0952de1ed3b": {
            "text": "%d neue Nachricht"
        },
        "c92bdbaba42dc068673bfa173e7be426": {
            "text": "%d neue Nachrichten"
        },
        "6ab40b9da8f74c8299cdb3afba46eda6": {
            "text": "%d neue Warnung"
        },
        "164d23ca0285a3061ee20f166343f068": {
            "text": "%d neue Warnungen"
        },
        "246262550fe3b31379bb81b656e4d64f": {
            "text": "%d neuer Fehler"
        },
        "f476d7ef955355a5633a914abbe1f3c1": {
            "text": "%d neue Fehler"
        },
        "09bcb72d61c0d6d1eff5336da6881557": {
            "text": "l\u00e4uft ab"
        },
        "896c55cc5e46fab38ce9f51ebf7bfcd3": {
            "text": "Stunde"
        },
        "73cdddd7730abfc13a55efb9f5685a3b": {
            "text": "Stunden"
        },
        "628b7db04235f228d40adc671413a8c8": {
            "text": "Tag"
        },
        "44fdec47036f482b68b748f9d786801b": {
            "text": "Tage"
        },
        "97bc592b27a9ada2d9a4bb418ed0ebed": {
            "text": "jetzt"
        },
        "9aa587bfb76008ca6b764747b7e43aff": {
            "text": "ab jetzt"
        },
        "6d0a578ca2f2c0e792fc923002fccbe3": {
            "text": "vor"
        },
        "74459ca3cf85a81df90da95ff6e7a207": {
            "text": "Sek."
        },
        "975a85a4ffa56e23c70e2bbeaf405ac7": {
            "text": "Sek."
        },
        "d8bd79cc131920d5de426f914d17405a": {
            "text": "Min."
        },
        "1442a7b6e2c20b27775175eecba84dac": {
            "text": "Min."
        },
        "3ea680550091f52ef7d4f2120a9a0032": {
            "text": "Achtung: Sie bearbeiten diese Seite in einem anderen Fenster (bearbeiten begonnenn %s)"
        },
        "187b4dd25b5e8329dfacc1528ac55028": {
            "text": "Achtung: Benutzer \"%s\" bearbeitet im Moment diese Seite (bearbeiten begonnen %s)"
        }
    }
}
