{
    "file": "wire\/modules\/LanguageSupport\/LanguageSupport.module",
    "textdomain": "wire--modules--languagesupport--languagesupport-module",
    "translations": {
        "4994a8ffeba4ac3140beb89e8d41f174": {
            "text": "Sprache"
        },
        "185d23ff9526ad93077a1c9ad5ed26a2": {
            "text": "E-Mail-Adresse"
        },
        "b78a3223503896721cca1303f776159b": {
            "text": "Titel"
        },
        "0d61f8370cad1d412f80b84d143e1257": {
            "text": "de_DE"
        },
        "3f94f86633491ad8e5d18f5e481330c2": {
            "text": "\u00c4nderungen zu diesem Feld werden nicht gespeichert weil Sie nicht berechtigt sind f\u00fcr folgende Sprache: %s."
        }
    }
}