{
    "file": "wire\/core\/AdminTheme.php",
    "textdomain": "wire--core--admintheme-php",
    "translations": {
        "1e7f9a369b1d2688c0a9de0ba9adeb43": {
            "text": "Um dieses Theme zu verwenden w\u00e4hlen Sie es in ihrem Benutzerprofil aus."
        },
        "e3d8856720f3539d3fd3e02238f095ef": {
            "text": "Feld \"admin_theme\" installiert und zu den Einstellungen im Benutzerprofil hinzugef\u00fcgt."
        },
        "40c0ca08425d862d797f41d0fe0ff368": {
            "text": "Feld \"admin_theme\" aus System entfernt."
        },
        "244cf4a0f690a8c69a4dacf0a0c78a2e": {
            "text": "Erweiterter Modus"
        }
    }
}
