{
    "file": "wire\/modules\/Process\/ProcessPageAdd\/ProcessPageAdd.module",
    "textdomain": "wire--modules--process--processpageadd--processpageadd-module",
    "translations": {
        "c9cc8cce247e49bae79f15173ce97354": {
            "text": "Speichern"
        },
        "de9ced9bf5e9829de4a93ad8c9d7a170": {
            "text": "Neue Seite hinzuf\u00fcgen"
        },
        "9e31eadc87a42dd9b75f4b4d141c192b": {
            "text": "Der Name, den Sie ausgew\u00e4hlt haben, wird bereits verwendet. Bitte w\u00e4hlen Sie einen anderen."
        },
        "9c99ecab6aa8967c077e01a0b3f51668": {
            "text": "Die Seite %1$s, die das Template %2$s nutzt, wurde erstellt"
        },
        "c4f4f1adddc771c086745ca04050d415": {
            "text": "Seite hinzuf\u00fcgen"
        },
        "e1622ba9f41f5b695bddc69e3ceaa204": {
            "text": "Eine neue Seite hinzuf\u00fcgen"
        },
        "bb8bbda58833ce19eef6193e1918e8cf": {
            "text": "Automatisches ver\u00f6ffentlichen deaktivieren"
        },
        "13148993e6c4399880e879c88a664347": {
            "text": "Standardm\u00e4\u00dfig werden Seiten, welche nur ein globales Feld (in der Regel \"title\") enthalten, automatisch ver\u00f6ffentlicht. Dort wird der \u00fcbliche \"unver\u00f6ffentlicht\" Status umgangen. Normalerweise ist dies eine erw\u00fcnschte Zeitersparnis. Aber Sie k\u00f6nnen dies mit Auswahl der unteren Box deaktivieren."
        },
        "abc32b2bc5cd1b61b5d3738f09405c0d": {
            "text": "Ben\u00f6tigtes Feld fehlt: name"
        },
        "a3e80c9c5e2dfb9f58712a83e2006a5e": {
            "text": "Wo m\u00f6chten Sie %s neu hinzuf\u00fcgen?"
        },
        "100e1438e523c6553ac21fd872262d56": {
            "text": "Bitte unten eine Elternseite %s w\u00e4hlen:"
        },
        "41553b358b6daba19bf079d5ad3eefb1": {
            "text": "Nicht genutzte tempor\u00e4re Seite"
        },
        "d337f7f6b3b52602b84f206e80fc6a85": {
            "text": "Keine Templates erlaubt, um hier neue Seiten hinzu zuf\u00fcgen."
        },
        "76effbf5625101a8e29d5720e986ee6a": {
            "text": "Template \"%s\" ist hier nicht erlaubt."
        },
        "7d4be9f67818bd22d064880270a3e4af": {
            "text": "Speichern + Ver\u00f6ffentlichen"
        },
        "bd71df4fde063d60b0fe33d87f52f7ff": {
            "text": "Achtung, der gew\u00e4hlte Name \"%1$s\" wird bereits verwendet und wurde ge\u00e4ndert auf \"%2$s\"."
        },
        "1f03189503b2b085455900a07777134c": {
            "text": "Bereits belegt"
        },
        "5ffb937a7aaced6b2c652cd8b8650135": {
            "text": "Der eingegebene Name wird bereits verwendet. Falls Sie ihn nicht \u00e4ndern, wird der Name nach dem Speichern automatisch eindeutig umbenannt."
        },
        "30269022e9d8f51beaabb52e5d0de2b7": {
            "text": "Elternseite"
        },
        "b0324fdebb63032317bba7c66bff89fc": {
            "text": "Im Moment gibt es keine Templates mit definierten Eltern\/Kind Beziehungen um hier den \"Neu hinzuf\u00fcgen\" Shortcut anzuzeigen. Um dies zu konfigurieren, ein beliebiges Template (Verwaltung > Templates) bearbeiten und auf den \"Familie\" Tab klicken."
        },
        "e0f8c45404ac3252900cc035530cd905": {
            "text": "Sortierreihenfolge des Template Shortcuts"
        },
        "557335482992652fdefe6cc17332688f": {
            "text": "Um Templates f\u00fcr diese Shortcuts hinzuzuf\u00fcgen oder zu entfernen, bitte unter den Template-Einstellungen im Familie-Tab schauen."
        },
        "a713b3cf3828f00d541e6ae14b294a8f": {
            "text": "Die von Ihnen oben gew\u00e4hlten Seiten repr\u00e4sentieren Lesezeichen zu den Elternseiten, wo Sie Kindseiten hinzuf\u00fcgen wollen. Bitte beachten: falls ein Benutzer keine Berechtigung hat, um eine Seite zu einer gegebenen Elternseite hinzuzuf\u00fcgen (sei es durch Berechtigungen oder Einstellungen der Template Familie), wird das Lesezeichen nicht erscheinen."
        },
        "94eef4670f102676a952d0989f852649": {
            "text": "Zum \u00c4ndern der Reihenfolge der \"Neu hinzuf\u00fcgen\" Seiten-Template Shortcuts die Optionen per Drag and Drop in die gew\u00fcnschte Reihenfolge verschieben."
        },
        "a60852f204ed8028c1c58808b746d115": {
            "text": "="
        },
        "278c491bdd8a53618c149c4ac790da34": {
            "text": "="
        }
    }
}