{
    "file": "wire\/modules\/Inputfield\/InputfieldMarkup.module",
    "textdomain": "wire--modules--inputfield--inputfieldmarkup-module",
    "translations": {
        "29513c0a079504b7b1ba10953d7270ac": {
            "text": "Enth\u00e4lt beliebiges anderes Markup und optional Kind-Eingabefelder"
        },
        "2ea61fab9633ba2efc3af0e85f8859f9": {
            "text": "Markup-Code"
        },
        "82829c5912f395b029a87c565359835c": {
            "text": "Text-Formatierer"
        },
        "7b332ecb7817aa0e0d772e9220b5eae9": {
            "text": "W\u00e4hlen sie das Format, in dem Ihr Markup-Code ist, oder die Text-Formatierer, die darauf angewendet werden sollen, in der gew\u00fcnschten Reihenfolge."
        },
        "0a803ca330899c7b7eb07d290ebbb5e8": {
            "text": "Falls Ihr Markup-Code reines HTML ist, m\u00f6chten Sie eventuell gar keine Text-Formatierer darauf anwenden."
        },
        "e51e08a727173e8719e480316459991e": {
            "text": "="
        }
    }
}