{
    "file": "wire\/modules\/Fieldtype\/FieldtypeComments\/CommentForm.php",
    "textdomain": "wire--modules--fieldtype--fieldtypecomments--commentform-php",
    "translations": {
        "55db28530640e9fb41ebf71ea8afce72": {
            "text": "Kommentar schreiben"
        },
        "a3676fa92ee7acc9486a220da4580c7e": {
            "text": "Vielen Dank, Ihre Eingabe wurde gespeichert."
        },
        "af54d31f765138998bf8d2903d4095ce": {
            "text": "Ihre Eingabe wurde aufgrund eines oder mehrerer Fehler(s) nicht gespeichtert. Pr\u00fcfen Sie bitte, ob Sie alle Felder ausgef\u00fcllt haben, ehe Sie das Formular erneut senden."
        },
        "614cffa523202658a898e34a5d94d05e": {
            "text": "Ihr Name"
        },
        "cd5b60538fc5fdd7a7280d67e4a12089": {
            "text": "Ihre E-Mail-Adresse"
        },
        "8413c683b4b27cc3f4dbd4c90329d8ba": {
            "text": "Kommentare"
        },
        "a4d3b161ce1309df1c4e25df28694b7b": {
            "text": "Senden"
        },
        "f359c2373cfa104cd9be66f79047deb5": {
            "text": "Ihre Webseiten-URL"
        },
        "5443970b690d94d32a481cac5cf31cb6": {
            "text": "Ihr Kommentar wurde \u00fcbermittelt und wird nach \u00dcberpr\u00fcfung durch den Moderator ver\u00f6ffentlicht."
        },
        "8cc46df5ae23686a6fbb8e132f4aaf26": {
            "text": "Antworten"
        },
        "b1c94ca2fbc3e78fc30069c8d0f01680": {
            "text": "Alle"
        },
        "5256dc211b8fc0ac5ea5e2418e18bf98": {
            "text": "E-Mail Benachrichtigungen:"
        },
        "d15305d7a4e34e02489c74a5ef542f36": {
            "text": "Aus"
        },
        "8dd3177b8d343a6b39f8e817f528f3db": {
            "text": "Bitte mit Sternen bewerten"
        },
        "6f207f8b5dfe1eebac63467930df5189": {
            "text": "="
        }
    }
}