{
    "file": "wire\/modules\/Inputfield\/InputfieldPageListSelect\/InputfieldPageListSelectMultiple.module",
    "textdomain": "wire--modules--inputfield--inputfieldpagelistselect--inputfieldpagelistselectmultiple-module",
    "translations": {
        "417c313c31381894998d5fa72eac82c8": {
            "text": "Kann dieses Feld nicht rendern, da in den Feld-Einstellung die Elternseite fehlt."
        },
        "3677aac44cf40763444008a08a7e33aa": {
            "text": "Auswahl mehrerer Seiten aus einem ProcessWire-Seitenbaum"
        },
        "fae5139ea4669e57a1e1d43da734b60d": {
            "text": "Multi-Seitenbaum-Auswahl"
        },
        "ec211f7c20af43e742bf2570c3cb84f9": {
            "text": "Hinzuf\u00fcgen"
        },
        "ea4788705e6873b424c65e91c2846b19": {
            "text": "Abbrechen"
        },
        "e0626222614bdee31951d84c64e5e9ff": {
            "text": "Ausw\u00e4hlen"
        },
        "46b816f573557a53c93ac78bbcfa9493": {
            "text": "Abw\u00e4hlen"
        },
        "d3da97e2d9aee5c8fbe03156ad051c99": {
            "text": "Mehr"
        },
        "1063e38cb53d94d386f21227fcd84717": {
            "text": "Entfernen"
        }
    }
}
