{
    "file": "wire\/modules\/Process\/ProcessPageSearch\/ProcessPageSearch.module",
    "textdomain": "wire--modules--Process--ProcessPageSearch--ProcessPageSearch-module",
    "translations": {
        "2c44229630ad7e2758a89bd14435a31b": {
            "text": "Kein Suchbegriff angegeben"
        },
        "75ecaaafd1f677d07360709be6528768": {
            "text": "Suche nach:"
        },
        "f802f85dd1eb6a1b3fb0591c682807e9": {
            "text": "Suche in Feld(ern):"
        },
        "52b9d143876d2754dd01be52587b1de8": {
            "text": "Art der Suche:"
        },
        "1e9c565e43a1f652a2718003bbad887e": {
            "text": "Zeige Feld(er):"
        },
        "6f9d01a14011f05fffe48559583fc609": {
            "text": "Sortieren nach:"
        },
        "fa4e2f0cea3ceef82c840df64fecb9e4": {
            "text": "Umgekehrte Sortierreihenfolge?"
        },
        "b4805a9af05d82889758dda70003cfc6": {
            "text": "Suchoptionen"
        },
        "9b6545e4cea9b4ad4979d41bb9170e2b": {
            "text": "Erweitert"
        },
        "de95b43bceeb4b998aed4aed5cef1ae7": {
            "text": "bearbeiten"
        },
        "0ccb67e7eaae09d9e4078d161eeca100": {
            "text": "Gleich"
        },
        "3255c386f4276b5c66f12d216ec71906": {
            "text": "Nicht gleich"
        },
        "05824b7be006782aaefd1fdb97c71e06": {
            "text": "Gr\u00f6\u00dfer als"
        },
        "798fe01fcb2754a295b6937ed885a69a": {
            "text": "Gr\u00f6\u00dfer als oder gleich"
        },
        "ad647e4ae904c7ed54ee93040d8298c7": {
            "text": "Kleiner als"
        },
        "28d1141142e2cbb29e657b69a044ddf4": {
            "text": "Kleiner als oder gleich"
        },
        "593e63d42f95f6ad96cf700f80c2fe2c": {
            "text": "Beinhaltet alle W\u00f6rter"
        },
        "45fc43a01c15bc63159695441dfacd63": {
            "text": "Beinhaltet Phrase oder Wortteil"
        },
        "e44edbd140708c448e991cde9d8dc0b2": {
            "text": "Beinhaltet Phrase\/Wortteil (mit LIKE)"
        },
        "dc87414810d43e27f63b89feabadc943": {
            "text": "Es wurden %1$d Seiten gefunden, die diesen Selektor nutzen: %2$s"
        },
        "9e230fa5487a0172264f31c0a1b08b61": {
            "text": "Auf Template beschr\u00e4nken:"
        },
        "4ecb0055aa1e66535afeaf6093585618": {
            "text": "Suche"
        },
        "d27c07f4c0dd15e39cedd91c19cb279f": {
            "text": "Suchen"
        },
        "4b315bff8c7b70281de8ffffbd150708": {
            "text": "Suche"
        },
        "1da914fe3f639d8b3d977a006d2b0c69": {
            "text": "Es wurde %1$d Seite gefunden, die diesen Selektor nutzt: %2$s"
        },
        "c488b358fae501da3848f9faeb83dd35": {
            "text": "Felder"
        },
        "c26ba1dd54d52630a0aedf779e5926af": {
            "text": "Module"
        },
        "8aa55d906b86496efeb66b0eae7d75ce": {
            "text": "Seiten"
        },
        "d60c090c3c99aaae5f57da3eb85fe008": {
            "text": "Standardfelder der Suche"
        },
        "2d29cf36f3ebbd5bab570d70070e5102": {
            "text": "Standard-Feldname(n) zur Anzeige im Suchergebnis"
        },
        "51e1d489ac4198969f8daf52b7cdfaf6": {
            "text": "Standard Such Operator"
        },
        "6278e5dbbd21048091f612f55185257e": {
            "text": "Gesuchte(s) Feld(er) in der Admin Suche (Ajax) Modus"
        },
        "6cfd6f09104bdac467bb40624aae4e9c": {
            "text": "Wenn mehr als ein Feld angegeben, bitte mit Leerzeichen trennen."
        },
        "bfe2201d3b973b0d8c3c5b0ea08e1736": {
            "text": "Namen f\u00fcr ein oder mehrere textbasierte Felder zur Suche eintragen. Mehrere Eintr\u00e4ge mit Leerzeichen trennen."
        },
        "cc10d38a176ad7cde1228d2e22f1122b": {
            "text": "Wir empfehlen dies auf h\u00f6chstens ein oder zwei Felder zu begrenzen, da das Ergebnis ein autocomplete Feld live bef\u00fcllt. Typischerweise sucht man nur nach dem 'title'."
        },
        "29e9d8e295b1d5b3002d2d3d5baa4c37": {
            "text": "="
        },
        "736f3e2669c68c02be0fb19d1e70622f": {
            "text": "="
        }
    }
}