{
    "file": "wire\/modules\/Fieldtype\/FieldtypeRepeater\/InputfieldRepeater.module",
    "textdomain": "wire--modules--fieldtype--fieldtyperepeater--inputfieldrepeater-module",
    "translations": {
        "f2a6c498fb90ee345d997f888fce3b18": {
            "text": "L\u00f6schen"
        },
        "6b46ae48421828d9973deec5fa9aa0c3": {
            "text": "Sortieren"
        },
        "03c2e7e41ffc181a4e84080b4710e81e": {
            "text": "Neu"
        },
        "0774e163cd7df482edd2abd498189f8b": {
            "text": "Unver\u00f6ffentlicht"
        },
        "7264d8c26ac9671a31cd3eb3ddd4a447": {
            "text": "Diese Element kann bearbeitet werden, nachdem Sie gespeichert haben."
        },
        "138103c4e1d9c846d0afd000e5b928c8": {
            "text": "Element hinzuf\u00fcgen"
        },
        "25c63396ad92c7bbb48fa4aa21adc5e4": {
            "text": "Wiederholt Felder aus einen anderen Template. Stellt das Eingabefeld f\u00fcr FieldtypeRepeater bereit."
        },
        "d3b3350cb648f345b0a21a048df0cf45": {
            "text": "="
        }
    }
}